"","place","findspot_ancient_clean","findspot_modern_clean","Longitude","Latitude"
"1","Solin / Salona","Biriciana","Weißenburg/Bayern",10.9632,49.0304
"2","Jesenice / Assling / Nareste","Nareste","Dugi Rat",14.0623337,46.4323791
"3","Drenova","NULL","Prijepolje",16.1809387,45.9353692
"4","Karlovac / Karlstadt / Burnum","NULL","Ozalj",15.5486303,45.4892522
"5","Karlovac / Karlstadt / Burnum","NULL","Čitluk",15.5486303,45.4892522
"6","Dragovic","NULL","Vrlika",17.2766853,45.469965
"7","Luzac","NULL","Berane",18.9702316,45.3601825
"8","Rijeka / Tarsatica","Tarsatica","Rijeka",14.4444,45.3278
"9","Trsat / Tersatto / Tarsatica","Tarsatica","Rijeka",14.4444,45.3278
"10","Dolac","NULL","Omiš",17.5889536,45.3250365
"11","Dolac","NULL","Travnik",17.5889536,45.3250365
"12","Bakarac","NULL","Kraljevica",14.5827323,45.2794773
"13","Carevo Polje","Metulum","Josipdol",15.2771,45.2255
"14","Josipdol / Metulum","Metulum","Josipdol",15.2771,45.2255
"15","Munjava / Metulum","Metulum","Josipdol",15.2771,45.2255
"16","Omisalj / Fulfinum",NA,NA,14.5575259,45.2120215
"17","Krk, Otok / Curictae","Fulfinum","Omišalj",14.5441,45.204
"18","Omisalj / Fulfinum","Fulfinum","Omišalj",14.5441,45.204
"19","Velika Kladusa","NULL","Velika Kladuša",15.8070634,45.1854105
"20","Krsan / Chersano / Flanona","NULL","Kršan",14.1379004,45.1754015
"21","Crikvenica / Ad Turres","NULL","Konjic",14.6927906,45.1737049
"22","Crikvenica / Ad Turres","NULL","Doboj",14.6927906,45.1737049
"23","Crikvenica / Ad Turres",NA,NA,14.6927906,45.1737049
"24","Senj / Segna / Zengg / Senia","Ad Turres","Crikvenica",14.6942,45.1716
"25","Luzani","NULL","Zenica",17.7023171,45.1670752
"26","Gornje Primislje / Primislje","NULL","Slunj",15.5074982,45.1620908
"27","Velika Kopanica / Kopjenica","NULL","Ključ",18.3970392,45.1546005
"28","Plomin / Flanona","Flanona","Kršan",14.1801,45.1382
"29","Plomin / Flanona","NULL","Kršan",14.1801746,45.1380212
"30","Beli / Caisole / Crexa","Crexa","Cres",14.3542,45.112
"31","Mali Losinj / Apsorus","Crexa","Cres",14.3542,45.112
"32","Osor / Opsorus","Crexa","Cres",14.3542,45.112
"33","Beli / Caisole / Crexa",NA,NA,14.3551777,45.1107075
"34","Labin / Alvona","Albona","Labin",14.1232,45.0949
"35","Labin / Alvona","Albona","Raša",14.1232,45.0949
"36","Labin / Alvona","Albona","Labin, bei",14.1232,45.0949
"37","Labin / Alvona","Albona","S. Nedelja",14.1232,45.0949
"38","Labin / Alvona","Albona","Labin - Raša, zwischen",14.1232,45.0949
"39","Labin / Alvona","Albona","Raša, bei",14.1232,45.0949
"40","Labin / Alvona",NA,NA,14.1231931,45.094851
"41","Krk, Otok / Curictae",NA,NA,14.5496681,45.0901955
"42","Novi Grad","NULL","Novi Grad",16.3760681,45.0492984
"43","Novi Vinodolski","Senia","Novi Vinodolski",14.902,44.9931
"44","Senj / Segna / Zengg / Senia","Senia","Senj",14.902,44.9931
"45","Sinj / Osinium","Senia","Senj",14.902,44.9931
"46","Vratnik","Senia","Senj",14.902,44.9931
"47","Dobricevo","NULL","Bileća",21.3558995,44.9899459
"48","Senj / Segna / Zengg / Senia",NA,NA,14.9030557,44.9897329
"49","Prijedor","NULL","Prijedor",16.708363,44.9778475
"50","Jurandvor","Curicum","Baška",14.7407,44.9742
"51","Krk, Otok / Curictae","Curicum","Krk",14.7407,44.9742
"52","Krk, Otok / Curictae","Curicum","Baška",14.7407,44.9742
"53","Ljusina","NULL","Bosanska Krupa",16.1509087,44.9416614
"54","Sveti Juraj / Lopsica","Lopsica","Senj",14.9201,44.9283
"55","Gornji Agici / Agici Gornji","NULL","Novi Grad",16.4410422,44.9267812
"56","Otocac / Ottoschatz / Avendo","Avendo","Otočac",15.1447,44.92
"57","Ljubija","NULL","Prijedor",16.6067817,44.9142151
"58","Celija / Municipium Splonistarum","NULL","Foča-Ustikolina",18.2183333,44.8813889
"59","Otocac / Ottoschatz / Avendo","NULL","Perusić",15.2356029,44.8688525
"60","Prozor / Arupium","NULL","Proložac",15.2647929,44.8499897
"61","Licko Lesce","Arupium","Otočac",15.2789,44.8428
"62","Pecina","Arupium","Otočac",15.2789,44.8428
"63","Prozor / Arupium","Arupium","Otočac",15.2789,44.8428
"64","Prozor / Prozor-Rama / Bistua Vetus","NULL","Prozor-Rama",15.2789,44.8428
"65","Vitalj, Otocac / Arupium","Arupium","Otočac",15.2789,44.8428
"66","Vrana","NULL","Pakoštane",14.4132039,44.8367826
"67","Stari Majdan","NULL","Sanski Most",16.605865,44.8291443
"68","Bihac / Raetinium",NA,NA,15.8690863,44.8146409
"69","Bihac / Raetinium","Raetinium","Bihać",15.9292,44.7885
"70","Brekovica","Raetinium","Bihać",15.9292,44.7885
"71","Cavkici / Raetinium","Raetinium","Bihać",15.9292,44.7885
"72","Doljani / Raetinium","Raetinium","Bihać",15.9292,44.7885
"73","Golubic / Raetinium","Raetinium","Bihać",15.9292,44.7885
"74","Jezerine, Golubic","Raetinium","Bihać",15.9292,44.7885
"75","Kapitul, Klokot - Bihac","Raetinium","Bihać",15.9292,44.7885
"76","Pritoka / Raetinium","Raetinium","Bihać",15.9292,44.7885
"77","Ribic / Raetinium","Raetinium","Bihać",15.9292,44.7885
"78","Banja Luka / Castra","Castra","Banja Luka",17.0998,44.785
"79","Mramorje, Cokori","Castra","Banja Luka",17.0998,44.785
"80","Kastelina, Otok / Arba","Arba","Rab",14.7596,44.7565
"81","Rab, Otok / Arba","Arba","Rab",14.7596,44.7565
"82","Rab, Otok / Arba","Arba","Rab, bei",14.7596,44.7565
"83","Doboj","NULL","Kakanj",18.0847183,44.7313612
"84","Doboj",NA,NA,18.0847183,44.7313612
"85","Gornji Kosinj / Kosinj / Kossin","NULL","Perušić",15.2753538,44.716409
"86","Zabrde","NULL","Andrijevica",18.9882097,44.7073901
"87","Makljenovac","NULL","Doboj",18.0640574,44.7072623
"88","Jablanac / Iapydia","NULL","Perušić",14.8998112,44.706619
"89","Osor / Opsorus","NULL","Mali Lošinj",14.3927571,44.6935722
"90","Cres / Crexa","Apsorus","Mali Lošinj",14.3919,44.693
"91","Mali Losinj / Apsorus","Apsorus","Mali Lošinj",14.3919,44.693
"92","Mali Losinj / Apsorus","Apsorus","Mali Losinj",14.3919,44.693
"93","Osor / Opsorus","Apsorus","Mali Lošinj",14.3919,44.693
"94","Osor / Opsorus","Apsorus","Mali Losinj",14.3919,44.693
"95","Punta Kriza","Apsorus","Mali Lošinj",14.3919,44.693
"96","Krnjeusa","NULL","Bosanski Petrovac",16.2255311,44.6876805
"97","Vrtoce","NULL","Drvar",16.1764005,44.6351728
"98","Komic / Iapydia","NULL","Gospić",15.4557,44.6142
"99","Siroka Kula","Epidotium - Ancus","Gospić",15.4557,44.6142
"100","Siroka Kula","NULL","Gospić",15.4557,44.6142
"101","Smoljana","NULL","Bosanski Petrovac",16.432128,44.6011377
"102","Podlapaca / Hallaj","NULL","Udbina",15.6314144,44.5836375
"103","Vele Srakane / Canidole Grande","NULL","Mali Lošinj",14.3162906,44.5759408
"104","Maslovare","NULL","Novi Grad",17.5341165,44.5634184
"105","Gorincani","NULL","Bosanski Petrovac, bei",16.369403,44.5560108
"106","Laniste","NULL","Ključ",16.658285,44.553778
"107","Caska / Cissa",NA,NA,14.9193564,44.5505397
"108","Bravsko","NULL","Bosanski Petrovac",16.5792045,44.549017
"109","Visoki","NULL","Bosanski Petrovac",16.5792045,44.549017
"110","Caska / Cissa","Cissa","Novalja",14.914,44.546
"111","Novalja","Cissa","Novalja",14.914,44.546
"112","Bravski Vaganac","NULL","Bosanski Petrovac",16.4927352,44.54348
"113","Lukavac","NULL","Milići",18.5325309,44.5344136
"114","Udbina","NULL","Udbina",15.766236,44.5327181
"115","Udbina","NULL","Donji Lapac",15.766236,44.5327181
"116","Karlobag","NULL","Karlobag",15.0728046,44.5277802
"117","Komic / Iapydia","Ancus","Gospić",15.5014,44.5265
"118","Medak / Avendo","Ancus - Ausancalio","Gospić",15.5014,44.5265
"119","Vrebac / Ancus","Ancus","Gospić",15.5014,44.5265
"120","Srednja Gora","NULL","Udbina",15.671934,44.5093655
"121","Takovo","NULL","Ub",20.0510375,44.4985622
"122","Gornja Ploca","NULL","Lovinac",15.6492241,44.4605051
"123","Komic / Iapydia","NULL","Udbina",15.7403448,44.4509084
"124","Komic / Iapydia","NULL","Karlobag",15.7403448,44.4509084
"125","Komic / Iapydia","NULL","Gračac",15.7403448,44.4509084
"126","Pocitelj","NULL","Gospić",15.44778,44.44889
"127","Crvljivica","NULL","Bosanski Petrovac",16.3979316,44.431885
"128","Gornji Ribnik","NULL","Ribnik",16.8178684,44.4195055
"129","Mrkonjic Grad / Varcar Vakuf / Leusaba","NULL","Mrkonjić Grad",17.0840064,44.4165716
"130","Divic","(Domavium) Ad Drinum","Zvornik",19.1032,44.3869
"131","Zvornik / Ad Drinum / Domavium","(Domavium) Ad Drinum","Zvornik",19.1032,44.3869
"132","Majdan","NULL","Mrkonjić Grad",17.1324492,44.3755883
"133","Drvar","NULL","Drvar",16.3827291,44.374769
"134","Krupanj / Domavium","NULL","Ljubovija - Mali Zvornik, zwischen",19.3633333,44.3675
"135","Omsica","NULL","Gračac",15.9349073,44.3612153
"136","Omsica","NULL","Lovinac",15.9349073,44.3612153
"137","Jajce","NULL","Jajce, bei",17.2705155,44.3395173
"138","Jajce","NULL","Jajce",17.2705155,44.3395173
"139","Gornja Bukovica","NULL","Ljubovija",19.7828811,44.3374388
"140","Pag","Cissa, insula","Pag",15.207,44.3262
"141","Pag, Otok","Cissa, insula","Kolan",15.207,44.3262
"142","Donja Pecka / Sarnade","NULL","Mrkonjić Grad",16.8628447,44.3205357
"143","Gracac","NULL","Split",15.8465272,44.2985234
"144","Resanovci","NULL","Bosansko Grahovo",16.3030945,44.296868
"145","Obrovac / Clambetae","Argyruntum","Starigrad",15.4403,44.2951
"146","Stari Grad / Argyruntum","Argyruntum","Starigrad",15.4403,44.2951
"147","Stari Grad / Argyruntum","Argyruntum","Starigrad, bei",15.4403,44.2951
"148","Gromile","NULL","Jajce",17.1008778,44.2850487
"149","Gromile","NULL","Bosansko Grahovo",17.1008778,44.2850487
"150","Gromile","Baloie","Šipovo",17.1009,44.285
"151","Sipovo / Baloie","Baloie","Šipovo",17.1009,44.285
"152","Sipovo / Baloie",NA,NA,17.0827253,44.2833682
"153","Brdo","NULL","Jajce",17.0630051,44.2826757
"154","Uzovnica","NULL","Mačva",19.3416603,44.2459418
"155","Sitarice","NULL","Valjevo",19.7028344,44.2443848
"156","?","Aenona","Nin",15.1842,44.2435
"157","Nin / Aenona","Aenona","Nin",15.1842,44.2435
"158","Nin / Aenona","Aenona","Vir, Insel - Nin, zwischen",15.1842,44.2435
"159","Nin / Aenona","Aenona","Privlaka",15.1842,44.2435
"160","Nin / Aenona","Aenona","Privlaka, bei",15.1842,44.2435
"161","Nin / Aenona","Aenona","Vrsi",15.1842,44.2435
"162","Nin / Aenona","Aenona","Zadar",15.1842,44.2435
"163","Solin / Salona","Aenona","Nin",15.1842,44.2435
"164","Zadar / Iader","Aenona","Nin",15.1842,44.2435
"165","Zadar / Iader","Aenona","Zadar",15.1842,44.2435
"166","Nin / Aenona","NULL","Polača",15.1840255,44.2430736
"167","Nin / Aenona","NULL","Benkovac",15.1840255,44.2430736
"168","Travnik","Bersellum","Travnik",17.5765,44.241
"169","Turbe","Bersellum","Travnik",17.5765,44.241
"170","Stranjani","NULL","Zenica",17.838256,44.2311276
"171","Travnik","NULL","Travnik",17.6661738,44.2259454
"172","Zenica","NULL","Zenica",17.9055721,44.2010759
"173","Zenica","NULL","Kakanj",17.9055721,44.2010759
"174","Ljubovija","NULL","Ljubovija",19.3698163,44.1867893
"175","Bratunac / Domavium","NULL","NULL",19.3321845,44.1849993
"176","Bosansko Grahovo / Municipium Salvium","NULL","Livno",16.36568,44.1808174
"177","Bosansko Grahovo / Municipium Salvium","NULL","Bosansko Grahovo - Glamoč, zwischen",16.36568,44.1808174
"178","Bosansko Grahovo / Municipium Salvium","NULL","Bosansko Grahovo",16.36568,44.1808174
"179","Gradina / Domavium","Ansium","Obrovac",15.666,44.179
"180","Karin Gornji / Corinium","Ansium","Obrovac",15.666,44.179
"181","Karin Gornji / Corinium","Ansium - Corinium","Obrovac",15.666,44.179
"182","Krusevo / Clambetae","Ansium","Obrovac",15.666,44.179
"183","Krushevo","Ansium","Obrovac",15.666,44.179
"184","Obrovac / Clambetae","Ansium","Obrovac",15.666,44.179
"185","Gradina / Domavium","Ansium","Obrovac",15.6655,44.1788
"186","Mali Mosunj / Stanecli","NULL","Vitez",17.7496291,44.1742841
"187","Doci","NULL","Vitez",17.7534084,44.1661984
"188","Vagan","NULL","Šipovo",17.1746449,44.1539086
"189","Vitez","NULL","Vitez",17.791462,44.150409
"190","Vrtliste",NA,NA,18.0997059,44.1379755
"191","Bjelovac / Domavium","Domavium","Bratunac",19.3585,44.1375
"192","Bratunac / Domavium","Domavium","Bratunac",19.3585,44.1375
"193","Dzamija / Domavium","Domavium","Srebrenica",19.3585,44.1375
"194","Golubic / Raetinium","Domavium","Srebrenica",19.3585,44.1375
"195","Gradina / Domavium","Domavium","Srebrenica",19.3585,44.1375
"196","Kamenjace, Bratunac / Domavium","Domavium","Bratunac",19.3585,44.1375
"197","Krupanj / Domavium","Domavium","Krupanj",19.3585,44.1375
"198","Obadi / Domavium","Domavium","Srebrenica",19.3585,44.1375
"199","Pljevlja / Komini / Municipium Splonistarum","Domavium","Srebrenica",19.3585,44.1375
"200","Srebrenica / Domavium","Domavium","Srebrenica",19.3585,44.1375
"201","Srebrenica / Domavium","Domavium","Bratunac",19.3585,44.1375
"202","Karin Gornji / Corinium","NULL","Posedarje",15.6335444,44.1358546
"203","Karin Gornji / Corinium","NULL","Benkovac",15.6335444,44.1358546
"204","Burnum","Sidrona","Benkovac",15.7481,44.1354
"205","Gradina / Domavium","Sidrona","Benkovac",15.7481,44.1354
"206","Gradina / Domavium","Sidrona","Obrovac",15.7481,44.1354
"207","Karin Gornji / Corinium","Corinium","Obrovac",15.7481,44.1354
"208","Medvida / Medvigge / Hadra / Sidrona","Sidrona","Benkovac",15.7481,44.1354
"209","Kakanj","NULL","Kakanj",18.1189478,44.1301029
"210","Glamoc / Municipium Salvium","Municipium Salvium","Glamoč",16.8281,44.1301
"211","Glamoc / Municipium Salvium","Municipium Salvium","Glamoč, bei",16.8281,44.1301
"212","Glavica / Municipium Salvium","Municipium Salvium","Glamoč",16.8281,44.1301
"213","Jakir","Municipium Salvium","Glamoč",16.8281,44.1301
"214","Kamen / Municipium Salvium","Municipium Salvium","Glamoč",16.8281,44.1301
"215","Pankovic","Municipium Salvium","Glamoč",16.8281,44.1301
"216","Podgradina / Municipium Salvium","Municipium Salvium","Glamoč",16.8281,44.1301
"217","Staro Selo","Municipium Salvium","Glamoč",16.8281,44.1301
"218","Vrba / Municipium Salvium","Municipium Salvium","Glamoč",16.8281,44.1301
"219","Zadar / Iader","NULL","Karlobag",15.232136,44.1186078
"220","Zadar / Iader",NA,NA,15.232136,44.1186078
"221","Donje Biljane / Iader","NULL","Benkovac",15.4641845,44.1170532
"222","Glavica / Municipium Salvium","NULL","Novi Grad",16.7852904,44.1102759
"223","Benkovac / Asseria","Corinium","Novigrad",15.6256,44.1075
"224","Karin Gornji / Corinium","Corinium","Benkovac",15.6256,44.1075
"225","Karin Gornji / Corinium","Corinium","Novigrad",15.6256,44.1075
"226","Karin Gornji / Corinium","Corinium","Benkovac - Novigrad, zwischen",15.6256,44.1075
"227","Popovici","Corinium","Benkovac",15.6256,44.1075
"228","Pridraga / Corinium","Corinium","Novigrad",15.6256,44.1075
"229","Zadar / Iader","Corinium","Novigrad",15.6256,44.1075
"230","Srebrenica / Domavium","NULL","Srebrenica",19.2952783,44.1063188
"231","Berkovina","NULL","Han Pijesak",18.870278,44.086667
"232","Han-Pijesak","NULL","Han Pijesak",18.9530643,44.0812895
"233","Dautovac","NULL","Han Pijesak",18.9531326,44.0807209
"234","Glamoc / Municipium Salvium","Salviae","Livno - Glamoč, zwischen",16.7894,44.0726
"235","Glamoc / Municipium Salvium","Salviae","Glamoč",16.7894,44.0726
"236","Halapic / Municipium Salvium","Salviae","Glamoč",16.7894,44.0726
"237","Bicine / Bicina","Nedinum","Polača, bei",15.5095,44.0721
"238","Biograd na Moru / Zaravecchia / Nedinum","Nedinum","Benkovac",15.5095,44.0721
"239","Karin Gornji / Corinium","Nedinum - Corinium","Benkovac",15.5095,44.0721
"240","Nadin / Nedinum","Nedinum","Benkovac",15.5095,44.0721
"241","Rastevic / Nedinum","Nedinum","Benkovac",15.5095,44.0721
"242","Skabrnja / Nedinum","Nedinum","Škabrnja",15.5095,44.0721
"243","Zadar / Iader","Nedinum","Benkovac",15.5095,44.0721
"244","Bastasi / Municipium Salvium","NULL","Bosansko Grahovo",16.6582352,44.0718561
"245","Bugojno / Bistua Nova","NULL","Bugojno",17.4508821,44.0642198
"246","Dabravine / Dabravina / Breza","NULL","Vareš",18.2976998,44.0548199
"247","Knin / Burnum","NULL","Biskupija",16.199433,44.04085
"248","Burnum","Ninia","Knin",16.1994,44.0408
"249","Ivosevci / Burnum","Ninia","Knin",16.1994,44.0408
"250","Knin / Burnum","Ninia","Knin",16.1994,44.0408
"251","Knin / Burnum","Ninia","Knin, bei",16.1994,44.0408
"252","Mokro Polje / Burnum","Ninia","Knin, bei",16.1994,44.0408
"253","Strmca / Stermizza / Burnum","NULL","Knin",16.1994,44.0408
"254","Tepljuh / Promona","Ninia","Knin",16.1994,44.0408
"255","Kuti / Sokolac","NULL","Sokolac - Han Pijesak, zwischen",18.8657743,44.0354778
"256","Benkovac / Asseria","NULL","Klinë / Klina",15.6125528,44.0333509
"257","?","Burnum","Kistanje",15.9936,44.0317
"258","Burnum","Burnum","Kistanje",15.9936,44.0317
"259","Burnum","NULL","Kistanje",15.9936,44.0317
"260","Ervenik","Burnum","Ervenik",15.9936,44.0317
"261","Ivosevci / Burnum","Burnum","Kistanje",15.9936,44.0317
"262","Ivosevci / Burnum","Burnum","Ervenik",15.9936,44.0317
"263","Ivosevci / Burnum","Burnum","Ervenik - Kistanje",15.9936,44.0317
"264","Karlovac / Karlstadt / Burnum","Burnum","Kistanje",15.9936,44.0317
"265","Kistanje / Burnum","Burnum","Kistanje",15.9936,44.0317
"266","Knin / Burnum","Burnum","Kistanje",15.9936,44.0317
"267","Knin / Burnum","Burnum","Ervenik",15.9936,44.0317
"268","Mokro Polje / Burnum","Burnum","Ervenik",15.9936,44.0317
"269","Skradin / Scardona","Burnum","Kistanje",15.9936,44.0317
"270","Skradin / Scardona","NULL","Kistanje",15.9936,44.0317
"271","Suplja crkva","Burnum","Kistanje",15.9936,44.0317
"272","Tepljuh / Promona","Burnum","Kistanje",15.9936,44.0317
"273","Zadar / Iader","NULL","Kistanje",15.9936,44.0317
"274","Kapitul - Knin",NA,NA,16.1984439,44.0312408
"275","Bukovaca","NULL","Bosanski Petrovac",17.2675,44.0266667
"276","Dugi Otok","NULL","Sali",15.0315195,44.0211315
"277","Podgrade / Asseria","NULL","Pakoštane",15.669073,44.0203427
"278","Podgrade / Asseria","NULL","Polača",15.669073,44.0203427
"279","Podgrade / Asseria","NULL","Stankovci",15.669073,44.0203427
"280","Podgrade / Asseria","NULL","Benkovac",15.669073,44.0203427
"281","Breza","Hedum Castellum Daesitiatium","Breza",18.2634,44.0184
"282","Burnum","NULL","Biskupija",16.0181762,44.0183606
"283","Biskupija","NULL","Biskupija",16.2226592,44.0169772
"284","Ivosevci / Burnum","NULL","Promina",16.0072244,44.0160408
"285","Ivosevci / Burnum","NULL","Gračac",16.0072244,44.0160408
"286","Ivosevci / Burnum","NULL","Biskupija",16.0072244,44.0160408
"287","Ivosevci / Burnum","NULL","Kijevo",16.0072244,44.0160408
"288","Ivosevci / Burnum",NA,NA,16.0072244,44.0160408
"289","Asseria","Asseria","Benkovac",15.6844,44.0103
"290","Benkovac / Asseria","Asseria","Benkovac",15.6844,44.0103
"291","Benkovac / Asseria","Asseria","Benkovac, bei",15.6844,44.0103
"292","Bukovic","Asseria","Benkovac",15.6844,44.0103
"293","Burnum","Asseria","Benkovac",15.6844,44.0103
"294","Dobropoljci","Asseria","Benkovac",15.6844,44.0103
"295","Gornja Bukovica","Asseria","Benkovac",15.6844,44.0103
"296","Gradina di Perusic","Asseria","Benkovac",15.6844,44.0103
"297","Podgrade / Asseria","Asseria","Benkovac",15.6844,44.0103
"298","Podgrade / Asseria","NULL","Benkovac",15.6844,44.0103
"299","Podgrade / Asseria","Asseria - Corinium","Obrovac",15.6844,44.0103
"300","Solin / Salona","Salonae","Split",15.6844,44.0103
"301","Solin / Salona","Asseria","Venezia",15.6844,44.0103
"302","Asseria",NA,NA,15.6690296,44.0099747
"303","Brestovsko","NULL","Kiseljak",18.0235889,44.0038431
"304","Dobropoljci","Alveria","Lišane Ostrovičke",15.8139,43.9937
"305","Ostrovica / Alveria","Alveria","Lišane Ostrovičke",15.8139,43.9937
"306","Podgrade / Asseria","Alveria","Lišane Ostrovičke",15.8139,43.9937
"307","Skradin / Scardona","Alveria","Lišane Ostrovičke",15.8139,43.9937
"308","Vina","Hedum Castellum Daesitiatium","Breza",18.2782592,43.9902346
"309","Kistanje / Burnum","NULL","Kistanje - Lišane Ostrovičke, zwischen",15.9653321,43.9814264
"310","Otinovci / Ad Matricem / Delminium","NULL","Kupres",17.3082922,43.9793723
"311","Kijevo","NULL","Kijevo",16.3573198,43.9793545
"312","Orlic","NULL","Biskupija",16.233824,43.9751619
"313","Puljane / Pugliane / Burnum","NULL","Promina",16.032173,43.9743322
"314","Tubici","NULL","Kosjerić",19.9564933,43.9733296
"315","Skelani / Municipium Malvesatium",NA,NA,19.5317425,43.9721961
"316","Peci","NULL","Bosansko Grahovo",19.4471161,43.9677515
"317","Arilje","Municipium Malvesiatium","Arilje",19.5333,43.9667
"318","Bajina Basta","Municipium Malvesiatium","Bajina Bašta",19.5333,43.9667
"319","Cacak / Malvesiatium","Municipium Malvesiatium","Lučani",19.5333,43.9667
"320","Cacak / Malvesiatium","Municipium Malvesiatium","Čačak",19.5333,43.9667
"321","Cacak / Malvesiatium","Municipium Malvesatium","Čačak",19.5333,43.9667
"322","Crvica","Municipium Malvesiatium","Bajina Bašta",19.5333,43.9667
"323","Drazinovici","Municipium Malvesiatium","Požega",19.5333,43.9667
"324","Fakovici / Domavi","Municipium Malvesiatium","Bratunac",19.5333,43.9667
"325","Gorobilje","Municipium Malvesiatium","Požega",19.5333,43.9667
"326","Gradina / Domavium","Municipium Malvesiatium","Arilje, bei",19.5333,43.9667
"327","Gradina / Domavium","Municipium Malvesiatium","Srebrenica",19.5333,43.9667
"328","Jezevica / Municipium Malvesatium","Municipium Malvesiatium","Požega",19.5333,43.9667
"329","Karan","Capedunum","Užice",19.5333,43.9667
"330","Lijesce / Municipium Malvesatium","Municipium Malvesiatium","Srebrenica",19.5333,43.9667
"331","Negrisori / Municipium Malvesatium","Municipium Malvesiatium","Lučani",19.5333,43.9667
"332","Pozega","Municipium Malvesiatium","Požega",19.5333,43.9667
"333","Pozega","Capedunum","Užice",19.5333,43.9667
"334","Prilipac","Municipium Malvesiatium","Požega",19.5333,43.9667
"335","Rudo / Municipium Malvesatium","Municipium Malvesiatium","Rudo",19.5333,43.9667
"336","Skelani / Municipium Malvesatium","Municipium Malvesiatium","Srebrenica",19.5333,43.9667
"337","Tuckovo","Municipium Malvesiatium","Požega",19.5333,43.9667
"338","Visibaba","Municipium Malvesiatium","Požega",19.5333,43.9667
"339","Vrutci","Capedunum","Užice",19.5333,43.9667
"340","Zljebac","Municipium Malvesiatium","Bratunac",19.5333,43.9667
"341","Podastinje","NULL","Kiseljak",18.0791069,43.9586303
"342","Mratovo / Burnum","NULL","Promina",16.0454253,43.9559481
"343","Kotlusa","NULL","Civljane",16.4032543,43.9525497
"344","Kiseljak","NULL","Kiseljak",18.0782775,43.9438172
"345","?","Iader","Zadar",15.4483,43.9393
"346","Biograd na Moru / Zaravecchia / Nedinum","Iader","Biograd na Moru",15.4483,43.9393
"347","Burnum","Iader","Biograd na Moru",15.4483,43.9393
"348","Galovac / Iader","Iader","Galovac",15.4483,43.9393
"349","Nadin / Nedinum","Iader","Biograd na Moru, bei",15.4483,43.9393
"350","Nadin / Nedinum","Iader","Biograd na Moru",15.4483,43.9393
"351","Podgrade / Asseria","Iader","Biograd na Moru",15.4483,43.9393
"352","Risan / Risano / Risinium","Iader","Zadar",15.4483,43.9393
"353","Zadar / Iader","Iader","Zadar",15.4483,43.9393
"354","Zadar / Iader","Iader","Zadar, bei",15.4483,43.9393
"355","Zadar / Iader","Iader","Zemunik Donji",15.4483,43.9393
"356","Zadar / Iader","Iader","Bibinje",15.4483,43.9393
"357","Zadar / Iader","Iader","Kali",15.4483,43.9393
"358","Uzdolje","NULL","Biskupija",16.1966494,43.9386349
"359","Gornji Vakuf-Uskoplje","NULL","Gornji Vakuf-Uskoplje",17.583559,43.9385698
"360","Vinalic","NULL","Vrlika",16.4361898,43.9306553
"361","Karan / Malvesiatum",NA,NA,19.9177621,43.9238227
"362","Bribir / Bribirska Glavica / Varvaria","NULL","Skradin",15.8398106,43.9214921
"363","Donje Stitarevo",NA,NA,19.1861765,43.9119238
"364","Vrlika / Vrlica / Salona","NULL","Vrlika",16.3977809,43.9096687
"365","Vrlika / Vrlica / Salona","NULL","Civljane",16.3977809,43.9096687
"366","Vrlika / Vrlica / Salona","Salonae","Vrlika",16.3977809,43.9096687
"367","Vrlika / Vrlica / Salona","NULL","Kijevo",16.3977809,43.9096687
"368","Krklic, Pakostane","NULL","Pakoštane",15.5061682,43.9082968
"369","Vogosca","Aquae S(---)","Vogošća",18.3426533,43.9016526
"370","Gornji Muc / Andetrium","Promona","Drniš",16.2114,43.8955
"371","Ivosevci / Burnum","Promona","Promina",16.2114,43.8955
"372","Oklaj","Promona","Promina",16.2114,43.8955
"373","Solin / Salona","Promona","Drniš",16.2114,43.8955
"374","Tepljuh / Promona","Promona","Drniš",16.2114,43.8955
"375","Tepljuh / Promona","Promona","Promina",16.2114,43.8955
"376","Tepljuh / Promona","Ninia","Knin, bei",16.2114,43.8955
"377","Vrlika / Vrlica / Salona","Promona","Drniš",16.2114,43.8955
"378","Tepljuh / Promona","NULL","Gračac",16.2085222,43.8933717
"379","Cacak / Malvesiatium",NA,NA,20.3501125,43.8913319
"380","Donji Rujani","NULL","Livno",16.7231516,43.8910198
"381","Bratiskovci","NULL","Skradin",15.9051,43.8892
"382","Bribir / Bribirska Glavica / Varvaria","Varvaria","Skradin",15.9051,43.8892
"383","Ivosevci / Burnum","Varvaria","Skradin",15.9051,43.8892
"384","Lastve, Bribir","Varvaria","Skradin",15.9051,43.8892
"385","Nadin / Nedinum","Varvaria","Skradin",15.9051,43.8892
"386","Planicnik","Varvaria","Skradin",15.9051,43.8892
"387","Skradin / Scardona","Varvaria","Skradin",15.9051,43.8892
"388","Lipa / Delminium","NULL","Livno",16.7779,43.871
"389","Listani / Lastani","Pelva","Livno",16.7779,43.871
"390","Livno / Bariduum / Delminium","Pelva","Livno",16.7779,43.871
"391","Kresevo","NULL","Kreševo",18.0486381,43.8683908
"392","Lucani",NA,NA,20.1360959,43.8602958
"393","Mali Kablici / Delminium","NULL","Livno",16.9440416,43.8561788
"394","Bioska","Capedunum","Užice",19.6639,43.8561
"395","Uzice","Capedunum","Užice",19.6639,43.8561
"396","Vrutci","Capedunum","Užice, bei",19.6639,43.8561
"397","Dubravice / Scardona","NULL","Skradin",15.9415463,43.8521087
"398","Sarajevo / Aquae S[]","NULL","Sarajevo, Novi Grad",18.3866868,43.8519774
"399","Sarajevo / Aquae S[]","NULL","NULL",18.3866868,43.8519774
"400","Sarajevo / Aquae S[]","NULL","Sarajevo, Centar",18.3866868,43.8519774
"401","Sarajevo / Aquae S[]","NULL","Sarajevo, Novo Sarajevo / Centar",18.3866868,43.8519774
"402","Otisic","NULL","Vrlika",16.4510202,43.8488797
"403","Suhaca / Delminium","NULL","Livno",16.9737159,43.8406854
"404","Bjelovac / Domavium","NULL","Bratunac",18.7169444,43.8369444
"405","Blazuj","Aquae S[...]","Ilidža",18.2991,43.8313
"406","Ilidza / Aquae S[]","Aquae S[---]","Ilidža",18.2991,43.8313
"407","Luzani","Aquae S[---]","Ilidža",18.2991,43.8313
"408","Sarajevo / Aquae S[]","Aquae S[---]","Ilidža",18.2991,43.8313
"409","Livno / Bariduum / Delminium","NULL","Livno",17.0042416,43.8259136
"410","Gradin / Sidrona","Colentum, insula","Murter-Kornati",15.595,43.8257
"411","Hramina","Colentum, insula","Murter-Kornati",15.595,43.8257
"412","Murter","Colentum, insula","Murter-Kornati",15.595,43.8257
"413","Solin / Salona","Colentum, insula","Murter-Kornati",15.595,43.8257
"414","Prozor / Prozor-Rama / Bistua Vetus","NULL","Prozor-Rama",17.6076793,43.8230831
"415","?","Scardona","Skradin",15.9208,43.8227
"416","Bribir / Bribirska Glavica / Varvaria","Scardona","Skradin",15.9208,43.8227
"417","Roski slap","NULL","Skradin - Kistanje, zwischen",15.9208,43.8227
"418","Skradin / Scardona","Scardona","Skradin",15.9208,43.8227
"419","Skradin / Scardona","NULL","Skradin - Kistanje, zwischen",15.9208,43.8227
"420","Skradin / Scardona","Scardona","Skradin, bei",15.9208,43.8227
"421","Skradin / Scardona","Scardona; Tragurium","Skradin; Trogir",15.9208,43.8227
"422","Hadzici","NULL","Hadžići",18.2025181,43.8226456
"423","Skradin / Scardona","NULL","Tribunj",15.923372,43.8178655
"424","Skradin / Scardona","NULL","Skradin",15.923372,43.8178655
"425","Skradin / Scardona","NULL","Prokljan",15.923372,43.8178655
"426","Skradin / Scardona",NA,NA,15.923372,43.8178655
"427","Prolog / In Alperio / Delminium","In Alperio","Livno",16.8082,43.8156
"428","Raslina","NULL","Šibenik",15.8541589,43.8073218
"429","Raslina","NULL","Skradin",15.8541589,43.8073218
"430","Kornat, Otok","NULL","Murter-Kornati",15.3220745,43.805438
"431","?","Municipium Magnum","Drniš",16.2988,43.8047
"432","Baljci","Municipium Magnum","Ružić",16.2988,43.8047
"433","Kljake / Municipium Magnum","Municipium Magnum","Drniš",16.2988,43.8047
"434","Otavice / Municipium Magnum","Municipium Magnum","Ružić",16.2988,43.8047
"435","Otavice / Municipium Magnum","NULL","Ružić",16.2988,43.8047
"436","Ramljane / Municipium Magnum","Municipium Magnum","Muć",16.2988,43.8047
"437","Ruzic / Balijna Glavica / Municipium Magnum","Municipium Magnum","Ružić",16.2988,43.8047
"438","Ruzic / Balijna Glavica / Municipium Magnum","Municipium Magnum","Drniš",16.2988,43.8047
"439","Ruzic / Balijna Glavica / Municipium Magnum","Municipium Magnum","Drniš - Ružić, zwischen",16.2988,43.8047
"440","Skelani / Municipium Malvesatium","Municipium Magnum","Ružić",16.2988,43.8047
"441","Umljanovic / Municipium Magnum","Municipium Magnum","Ružić",16.2988,43.8047
"442","Vrlika / Vrlica / Salona","Municipium Magnum","Drniš",16.2988,43.8047
"443","Scit","NULL","Prozor-Rama",17.5286451,43.8006148
"444","Rogatica / Ris[]","NULL","Rogatica",19.0039015,43.7985694
"445","Rogatica / Ris[]",NA,NA,19.0039015,43.7985694
"446","Rogatica / Ris[]","Ris---","Rogatica",18.9996,43.7977
"447","Mackat","NULL","Čajetina",19.7803537,43.792561
"448","Pazaric","NULL","Hadžići",18.1520712,43.7874012
"449","Visegrad / Municipium Malvesatium","NULL","Višegrad",19.2933519,43.7844137
"450","Visegrad / Municipium Malvesatium","NULL","Rogatica",19.2933519,43.7844137
"451","Virovo / Malvesiatum",NA,NA,20.1162652,43.7768561
"452","Mokronoge / Delminium","NULL","Drvar",17.2304025,43.7644984
"453","Citluk / Aequum","NULL","Čitluk",16.6534966,43.7425382
"454","Citluk / Aequum","NULL","Otok",16.6534966,43.7425382
"455","Citluk / Aequum","Decimin","Dicmo",16.6534966,43.7425382
"456","Citluk / Aequum","NULL","Vrlika",16.6534966,43.7425382
"457","Citluk / Aequum","Aequum","Sinj",16.6547,43.7423
"458","Citluk / Aequum","Aequum","Hrvace",16.6547,43.7423
"459","Citluk / Aequum","Aequum","Sinj, bei",16.6547,43.7423
"460","Gardun / Tilurium","Aequum - Tilurium, bei","Sinj",16.6547,43.7423
"461","Hrvace","Aequum","Hrvace",16.6547,43.7423
"462","Ruduse / Rudusa","Aequum","Sinj",16.6547,43.7423
"463","Sinj / Osinium","Aequum","Sinj",16.6547,43.7423
"464","Sinj / Osinium","Aequum","Sinj, bei",16.6547,43.7423
"465","Sinj / Osinium","Aequum","Hrvace",16.6547,43.7423
"466","Vrlika / Vrlica / Salona","Aequum","Hrvace",16.6547,43.7423
"467","Sibenik / Rider","NULL","Šibenik",15.8964835,43.7337065
"468","Borcani / Delminium","Delminium","Tomislavgrad",17.2302,43.7183
"469","Crvenice / Delminium","Delminium","Tomislavgrad",17.2302,43.7183
"470","Donji Brisnik / Delminium","Delminium","Tomislavgrad",17.2302,43.7183
"471","Kamenica / Delminium","Delminium","Tomislavgrad",17.2302,43.7183
"472","Letka / Delminium","Delminium","Tomislavgrad",17.2302,43.7183
"473","Lib / Delminium","Delminium","Tomislavgrad, bei",17.2302,43.7183
"474","Mokronoge / Delminium","Delminium","Tomislavgrad",17.2302,43.7183
"475","Prisoje / Delminium","Delminium","Tomislavgrad",17.2302,43.7183
"476","Sarajlije / Delminium","Delminium","Tomislavgrad",17.2302,43.7183
"477","Stipanici / Stipanjici","Delminium","Tomislavgrad",17.2302,43.7183
"478","Suica / Delminium","Delminium","Tomislavgrad",17.2302,43.7183
"479","Tomislavgrad / Duvno / Zupanjac / Delminium","Delminium","Tomislavgrad",17.2302,43.7183
"480","Danilo / Rider","Rider","Šibenik",16.0486,43.7034
"481","Danilo Gornje / Rider","Rider","Šibenik",16.0486,43.7034
"482","Danilo Gornje / Rider","Rider","Šibenik, bei",16.0486,43.7034
"483","Grusine, Sibenik","Rider","Šibenik",16.0486,43.7034
"484","Sibenik / Rider","Rider","Šibenik",16.0486,43.7034
"485","Beli / Caisole / Crexa","Nicopolis ad Istrum","Polski Trâmbeš",24.8947,43.7009
"486","Lisicici","NULL","Konjic",17.8843332,43.6968033
"487","Donja Trebimlja / Trebimlja","NULL","Ravno",16.5206,43.6922
"488","Gornji Muc / Andetrium","Andetrium","Muć",16.5206,43.6922
"489","Kokani","NULL","Dicmo",16.4930631,43.6912042
"490","Prisoje / Delminium","Delminium","Tomislavgrad",17.0825198,43.6908323
"491","Ostrozac","NULL","Jablanica",17.82552,43.6850325
"492","Gorazde","NULL","Ustiprača",18.9765501,43.6673112
"493","Gorazde","NULL","Goražde",18.9765501,43.6673112
"494","Nisko",NA,NA,16.3717521,43.6639277
"495","Lipa / Delminium","NULL","Livno",17.3482759,43.6566752
"496","Konjic","NULL","Konjic",17.9624801,43.6534733
"497","Konjic","NULL","Konjic, bei",17.9624801,43.6534733
"498","Konjic","NULL","Mostar",17.9624801,43.6534733
"499","Polimlje","NULL","Bijelo Polje",19.3209528,43.6511643
"500","Polimlje","NULL","Prijepolje",19.3209528,43.6511643
"501","Polimlje","NULL","Nova Varoš",19.3209528,43.6511643
"502","Lecevica / Salona","NULL","Lećevica",16.3359971,43.6416336
"503","Polje Bijela","NULL","Konjic",17.9735051,43.6366575
"504","Citluk / Aequum","Tilurium","Trilj",16.689,43.6139
"505","Gardun / Tilurium","Tilurium","Trilj",16.689,43.6139
"506","Solin / Salona","Tilurium","Trilj",16.689,43.6139
"507","Tomislavgrad / Duvno / Zupanjac / Delminium","Tilurium","Trilj",16.689,43.6139
"508","Trilj / Tilurium","Tilurium","Trilj",16.689,43.6139
"509","Trilj / Tilurium","Tilurium","Trilj, bei",16.689,43.6139
"510","Velic","Tilurium","Trilj",16.689,43.6139
"511","Vojnic Sinjski / Tilurium","Tilurium","Trilj",16.689,43.6139
"512","Cvitina / Cetina","NULL","Civljane",17.8331576,43.5974814
"513","Priboj / Opstina Priboj","NULL","Priboj",19.5230742,43.5839721
"514","Priboj / Opstina Priboj","NULL","Prijepolje",19.5230742,43.5839721
"515","Ustikolina","NULL","Foča-Ustikolina",18.7896812,43.5835116
"516","Klapavice / Klapavica / Clissa",NA,NA,16.5567963,43.5789583
"517","Borci","NULL","Konjic",18.018441,43.576834
"518","Carevo","NULL","Jajce",18.976111,43.568889
"519","Drvenik Veli / Drvenik","Tragurium","Trogir",16.524,43.5594
"520","Seget Donji / Tragurium","Tragurium","Seget",16.524,43.5594
"521","Solin / Salona","Tragurium","Trogir",16.524,43.5594
"522","Solin / Salona","Salonae","Klis",16.524,43.5594
"523","Trogir / Tragurium","Tragurium","Trogir",16.524,43.5594
"524","Trogir / Tragurium","Tragurium","Seget",16.524,43.5594
"525","Trogir / Tragurium","Tragurium","Trogir, bei",16.524,43.5594
"526","Trogir / Tragurium","Tragurium","Marina",16.524,43.5594
"527","Veli Bijac / Bijaci / Bijaca / Siculi",NA,NA,16.2982386,43.5555172
"528","Solin / Salona","Salonae","Solin",16.4919213,43.5441591
"529","Solin / Salona","NULL","NULL",16.4919213,43.5441591
"530","Solin / Salona","NULL","Omiš",16.4919213,43.5441591
"531","Solin / Salona","Pharus","Stari Grad",16.4919213,43.5441591
"532","Solin / Salona",NA,NA,16.4919213,43.5441591
"533","Solin / Salona","Nareste","Dugi Rat",16.4919213,43.5441591
"534","Solin / Salona","NULL","Split",16.4919213,43.5441591
"535","Solin / Salona","NULL","Bosansko Grahovo",16.4919213,43.5441591
"536","Solin / Salona","NULL","Baška Voda",16.4919213,43.5441591
"537","Suplja crkva","NULL","Biskupija",16.4969241,43.5402396
"538","?","Salonae","Solin",16.4743,43.5384
"539","?","Salonae","Split",16.4743,43.5384
"540","Bihac / Raetinium","Salonae bei","Kaštela",16.4743,43.5384
"541","Dugopolje / Salona","Salonae","Dugopolje",16.4743,43.5384
"542","Gardun / Tilurium","Salonae","Dugopolje",16.4743,43.5384
"543","Gardun / Tilurium","Salonae","Dicmo",16.4743,43.5384
"544","Gornji Muc / Andetrium","Salonae","Klis",16.4743,43.5384
"545","Gradina / Salona","Salonae","Solin",16.4743,43.5384
"546","Grudine / Salona","Salonae","Solin",16.4743,43.5384
"547","Kapljuc / Salona","Salonae","Solin",16.4743,43.5384
"548","Kastel Gomilica","Salonae","Kaštela",16.4743,43.5384
"549","Kastel Kambelovac / Castel Cambio","Salonae","Kaštela",16.4743,43.5384
"550","Kastel Novi","Salonae","Kaštela",16.4743,43.5384
"551","Kastel Sucurac / Salona","Salonae","Kaštela",16.4743,43.5384
"552","Klapavice / Klapavica / Clissa","Salonae","Klis",16.4743,43.5384
"553","Klis / Clissa","Salonae","Klis",16.4743,43.5384
"554","Klis / Clissa","Salonae","Klis, bei",16.4743,43.5384
"555","Klis / Clissa","Salonae","Solin",16.4743,43.5384
"556","Konjsko / Clissa","Salonae","Klis",16.4743,43.5384
"557","Manastirine / Salona","Salonae","Solin",16.4743,43.5384
"558","Pazdigrad / Pazdigrada / Salona","Salonae","Split",16.4743,43.5384
"559","Risan / Risano / Risinium","Salonae","Solin",16.4743,43.5384
"560","Rupotine / Rupotina / Salona","Salonae","Solin",16.4743,43.5384
"561","Skradin / Scardona","Salonae","Solin",16.4743,43.5384
"562","Solin / Salona","Salonae","Split",16.4743,43.5384
"563","Solin / Salona","Salonae","Solin",16.4743,43.5384
"564","Solin / Salona","Salonae","Klis",16.4743,43.5384
"565","Solin / Salona","Salonae","Kaštela",16.4743,43.5384
"566","Solin / Salona","Salonae","Trogir",16.4743,43.5384
"567","Solin / Salona","Salonae; Salonae bei","Solin; Split",16.4743,43.5384
"568","Solin / Salona","Salonae","Klis, bei",16.4743,43.5384
"569","Solin / Salona","Salonae","Solin, bei",16.4743,43.5384
"570","Solin / Salona","Salonae","Dicmo",16.4743,43.5384
"571","Solin / Salona","Salonae","Solin - Klis, zwischen",16.4743,43.5384
"572","Solin / Salona","Salonae; Salonae","Solin",16.4743,43.5384
"573","Split / Spalatum","Salonae","Split",16.4743,43.5384
"574","Stobrec / Epetino / Epetium","Salonae","Podstrana",16.4743,43.5384
"575","Stobrec / Epetino / Epetium","Salonae","Split",16.4743,43.5384
"576","Trogir / Tragurium","Salonae","Klis",16.4743,43.5384
"577","Trogir / Tragurium","Salonae","Kaštela",16.4743,43.5384
"578","Vid / Narona","Salonae","Split",16.4743,43.5384
"579","Vranjic / Vragnizza / Salona","Salonae","Solin",16.4743,43.5384
"580","Zrnovnica / Salona","Salonae","Split",16.4743,43.5384
"581","Vranjic / Vragnizza / Salona",NA,NA,16.4629316,43.5316671
"582","Bihac / Raetinium","Siculi","Kaštela",16.3004,43.5306
"583","Kastel Stafilic / Castel Stafileo / Tragurium","Siculi","Kaštela",16.3004,43.5306
"584","Solin / Salona","Siculi","Kaštela",16.3004,43.5306
"585","Trogir / Tragurium","Siculi","Kaštela",16.3004,43.5306
"586","Trogir / Tragurium","Siculi","Kastela",16.3004,43.5306
"587","Veli Bijac / Bijaci / Bijaca / Siculi","Siculi","Kaštela",16.3004,43.5306
"588","Solin / Salona","Salonae","Split",16.447,43.5223
"589","Trogir / Tragurium","NULL","NULL",16.2499724,43.516687
"590","Trogir / Tragurium","Castellum Tariona","Marina",16.2499724,43.516687
"591","Trogir / Tragurium","NULL","Lećevica",16.2499724,43.516687
"592","Trogir / Tragurium",NA,NA,16.2499724,43.516687
"593","Radoinja","NULL","Nova Varoš",19.7542834,43.5154829
"594","Ocrkavlje / Municipium Splonistarum","NULL","Foča",18.6223041,43.5142306
"595","Split / Spalatum",NA,NA,16.4399659,43.5116383
"596","Solin / Salona","Ad Dianam (Salonae)","Split",16.3891,43.5085
"597","Glavaticevo","NULL","Konjic",18.1041299,43.5040612
"598","Stobrec / Epetino / Epetium","NULL","Split",16.521326,43.50039
"599","Ciovo, Otok / Boa","Boa, insula","Split",16.3388,43.4995
"600","Trogir / Tragurium","Boa, insula","Trogir",16.3388,43.4995
"601","Draga","Epetium","Split",16.5235,43.4987
"602","Kamen / Municipium Salvium","Epetium","Split",16.5235,43.4987
"603","Omis / Almissa / Oneum / Onaeum","Epetium","Split",16.5235,43.4987
"604","Solin / Salona","Epetium","Split",16.5235,43.4987
"605","Stobrec / Epetino / Epetium","Epetium","Split",16.5235,43.4987
"606","Stobrec / Epetino / Epetium","Epetium","Podstrana",16.5235,43.4987
"607","Visoka","Epetium","Split",16.5235,43.4987
"608","Srinjine / Pituntium","NULL","Split",16.6062547,43.4936069
"609","Podstrana / Pituntium","NULL","Dugi Rat",16.5498635,43.4877119
"610","Podstrana / Pituntium","NULL","Split",16.5498635,43.4877119
"611","Podstrana / Pituntium","NULL","Omiš",16.5498635,43.4877119
"612","Podstrana / Pituntium",NA,NA,16.5498635,43.4877119
"613","Omis / Almissa / Oneum / Onaeum","Pituntium","Podstrana",16.5681,43.4741
"614","Perun","Pituntium","Podstrana, bei",16.5681,43.4741
"615","Podstrana / Pituntium","Pituntium","Podstrana",16.5681,43.4741
"616","Poljica-Brig / Brig","Pituntium","Podstrana",16.5681,43.4741
"617","Solin / Salona","Pituntium","Podstrana",16.5681,43.4741
"618","Srinjine / Pituntium","Pituntium","Podstrana",16.5681,43.4741
"619","Stobrec / Epetino / Epetium","Pituntium","Podstrana",16.5681,43.4741
"620","Posusje",NA,NA,17.3271561,43.4711599
"621","Donji Prolozac / Novae","NULL","Proložac",17.1534312,43.4703365
"622","Nova Varos","NULL","Nova Varoš",19.8154494,43.4597045
"623","Dzurovo","NULL","Prijepolje",19.6252327,43.4596534
"624","Krug, Jesenice","Nareste","Dugi Rat",16.6289431,43.4592662
"625","Imotski","NULL","Lovrec",17.2179703,43.4471115
"626","Imotski","NULL","Proložac",17.2179703,43.4471115
"627","Imotski","NULL","Imotski, bei",17.2179703,43.4471115
"628","Imotski","NULL","Lokvičići",17.2179703,43.4471115
"629","Omis / Almissa / Oneum / Onaeum","NULL","Dugi Rat",16.6913309,43.4447124
"630","Omis / Almissa / Oneum / Onaeum","Laurento","Tučepi",16.6913309,43.4447124
"631","Omis / Almissa / Oneum / Onaeum","NULL","Omiš",16.6913309,43.4447124
"632","Omis / Almissa / Oneum / Onaeum","Nareste","Dugi Rat",16.6913309,43.4447124
"633","?","Oneum","Omiš",16.7019,43.4422
"634","Omis / Almissa / Oneum / Onaeum","Oneum","Omiš",16.7019,43.4422
"635","Podstrana / Pituntium","Oneum","Omiš",16.7019,43.4422
"636","Donji Vinjani","NULL","Posušje",17.254913,43.4295821
"637","Gorica",NA,NA,17.2901029,43.4187033
"638","Zmijavci",NA,NA,17.2081216,43.4129957
"639","Gornja Brela","NULL","Brela",16.9171227,43.409082
"640","Podbablje Gornje","Novae","Podbablje",17.1968,43.4057
"641","Runovici / Runovic / Novae","Novae","Runovići",17.1968,43.4057
"642","Runovici / Runovic / Novae","Novae","Podbablje",17.1968,43.4057
"643","Runovici / Runovic / Novae","Novae","Zmijavci",17.1968,43.4057
"644","Vrlika / Vrlica / Salona","Novae","Donji Proložac",17.1968,43.4057
"645","Zmijavci","Novae","Zmijavci",17.1968,43.4057
"646","Sovici","NULL","Grude",17.3306923,43.4024187
"647","Sovici",NA,NA,17.3306923,43.4024187
"648","Donje Selo / Solentia","NULL","Konjic",16.2605765,43.3996977
"649","Donje Selo / Solentia","Solentia, insula","Šolta",16.2752,43.3972
"650","Solin / Salona","Solentia, insula","Šolta",16.2752,43.3972
"651","Solta, Otok / Solentia","Solentia, insula","Šolta, Insel",16.2752,43.3972
"652","Solta, Otok / Solentia","Solentia, insula","Šolta",16.2752,43.3972
"653","Prijepolje / Municipium Splonistarum","NULL","Prijepolje",19.6496772,43.3891969
"654","Runovici / Runovic / Novae","NULL","Imotski, bei",17.2354538,43.38889
"655","Runovici / Runovic / Novae","NULL","Proložac",17.2354538,43.38889
"656","Runovici / Runovic / Novae",NA,NA,17.2354538,43.38889
"657","Seljane","NULL","Prijepolje",19.5667479,43.3760385
"658","Seljasnica","NULL","Prijepolje",19.5922106,43.3716225
"659","Kolovrat / Municipium Splonistarum","NULL","Prijepolje",19.626587,43.3691604
"660","Kolovrat / Municipium Splonistarum",NA,NA,19.626587,43.3691604
"661","Baska Voda","NULL","Baška Voda",16.9482271,43.3582543
"662","Pljevlja / Komini / Municipium Splonistarum","NULL","Prijepolje",19.3584715,43.3565611
"663","Skrip / Brattia","NULL","Supetar",16.603408,43.3546077
"664","Brac, Otok / Brattia","Brattia, insula","Pučišća",16.5444,43.3436
"665","Brac, Otok / Brattia","Brattia, insula","Pučišća, bei",16.5444,43.3436
"666","Brac, Otok / Brattia","Brattia, insula","Postira",16.5444,43.3436
"667","Brac, Otok / Brattia","Brattia, insula","Pučišća - Postira, zwischen",16.5444,43.3436
"668","Brac, Otok / Brattia","Brattia, insula","Brač, Insel",16.5444,43.3436
"669","Brac, Otok / Brattia","Brattia, insula","Škrip",16.5444,43.3436
"670","Brac, Otok / Brattia","Brattia, insula","Sutivan",16.5444,43.3436
"671","Brac, Otok / Brattia","Brattia, insula","Nerežišća",16.5444,43.3436
"672","Kornat, Otok","Brattia, insula","Splitska - Skrip, zwischen",16.5444,43.3436
"673","Solin / Salona","Brattia, insula","Nerežišća",16.5444,43.3436
"674","Babin Potok / Babispotok / Municipium Splonistarum","Municipium S[---]","Pljevlja",19.3204,43.3424
"675","Cicje Polje","Municipium S[---]","Prijepolje - Pljevlja, zwischen",19.3204,43.3424
"676","Dzamija / Domavium","Municipium S[---]","Pljevlja",19.3204,43.3424
"677","Ilijino Brdo / Municipium Splonistarum","Municipium S[---]","Pljevlja",19.3204,43.3424
"678","Kolovrat / Municipium Splonistarum","Municipium S[---]","Pljevlja",19.3204,43.3424
"679","Otilovici","Municipium S[---]","Pljevlja",19.3204,43.3424
"680","Pljevlja / Komini / Municipium Splonistarum","Municipium S[---]","Pljevlja",19.3204,43.3424
"681","Mrduja","NULL","Milna",16.4099512,43.3385083
"682","Donja Bijenja","NULL","Nevesinje",18.1597377,43.3370267
"683","Zupa","NULL","Drvar",17.1125675,43.3369154
"684","Promajna","NULL","Baška Voda",16.9737189,43.3348513
"685","Povlja","Brattia, insula","Selca",16.8377033,43.3331922
"686","Brac, Otok / Brattia","NULL","Supetar",16.654819,43.3239838
"687","Brac, Otok / Brattia","NULL","Bol",16.654819,43.3239838
"688","Brac, Otok / Brattia",NA,NA,16.654819,43.3239838
"689","Rasici","Aufustianis","Grude",17.3588,43.3203
"690","Tihaljina","Aufustianis","Grude",17.3588,43.3203
"691","Makarska","Muccurum","Makarska",17.0178,43.2969
"692","Runovici / Runovic / Novae","Muccurum","Makarska, bei",17.0178,43.2969
"693","Vid / Narona","Muccurum","Makarska, bei",17.0178,43.2969
"694","Cerin","NULL","Čitluk",17.6414199,43.2727063
"695","Tucepi","Laurento","Tučepi",17.0580946,43.2651336
"696","Blagaj","NULL","Novi Grad",17.8904391,43.2575855
"697","Podgora","NULL","Podgora",17.0750713,43.2433472
"698","Malo Polje / Domavium","NULL","Mostar",17.8843809,43.2418645
"699","Vitina","NULL","Ljubuški",17.4773288,43.2403439
"700","Veljaci / Bigeste",NA,NA,17.4433546,43.2362774
"701","Brodarevo","NULL","Prijepolje",19.7176308,43.2309869
"702","Proboj","NULL","Ljubuški",17.5226262,43.2299652
"703","Bukovica / Domavium","NULL","Ljubovija",18.1138889,43.2286111
"704","Dracevica","NULL","Ljubuški",17.5172138,43.2253241
"705","Krehin Dvor / Krehundvor","NULL","Čitluk",17.7148646,43.2180292
"706","Grab",NA,NA,17.4579442,43.2148243
"707","Krehin Gradac","NULL","Čitluk",17.7145162,43.2110013
"708","Gradina / Domavium","NULL","Posušje",18.4200399,43.2078027
"709","Gradina / Domavium","NULL","Jasenice",18.4200399,43.2078027
"710","Udreznje","NULL","Nevesinje",18.0896083,43.2056426
"711","Martincev, Vrgorac","NULL","Vrgorac",17.3723608,43.2050358
"712","Vrgorac / Vergorazza / Vergoratz","NULL","Vrgorac",17.3723608,43.2050358
"713","Vrgorac / Vergorazza / Vergoratz",NA,NA,17.3723608,43.2050358
"714","Kutac","NULL","Ljubuški",17.5120379,43.2007125
"715","Ljubuski / Mlade / Bigeste","NULL","Ljubuški",17.540558,43.1904758
"716","Ljubuski / Mlade / Bigeste","NULL","Čitluk",17.540558,43.1904758
"717","Zivogosce","NULL","Podgora",17.1605863,43.188147
"718","Stari Grad / Argyruntum",NA,NA,16.5976553,43.1841534
"719","Bigeste","NULL","Ljubuški",17.528889,43.182222
"720","Bigeste","NULL","Velika Kladuša",17.528889,43.182222
"721","Bigeste","Bigeste","Ljubuški",17.5271,43.1818
"722","Bijaca / Biaca","Bigeste - Narona","Ljubuški",17.5271,43.1818
"723","Hardomilje / Bigeste","Bigeste","Ljubuški",17.5271,43.1818
"724","Humac / Bigeste","Bigeste","Ljubuški",17.5271,43.1818
"725","Ljubuski / Mlade / Bigeste","Bigeste","Ljubuški, bei",17.5271,43.1818
"726","Ljubuski / Mlade / Bigeste","Bigeste","Ljubuški",17.5271,43.1818
"727","Pljevlja / Komini / Municipium Splonistarum","NULL","Ljubuški",17.5271,43.1818
"728","Stobrec / Epetino / Epetium","Bigeste","Ljubuški",17.5271,43.1818
"729","Trebizat","Bigeste","Ljubuški",17.5271,43.1818
"730","Vid / Narona","Bigeste","Ljubuški",17.5271,43.1818
"731","Vitalj, Otocac / Arupium","NULL","Ljubuški",17.5271,43.1818
"732","Scepan Krst","NULL","Berkovići",17.9766248,43.1761044
"733","Hvar / Lesina / Pharia","Pharia, insula","Hvar, Insel",16.4428,43.1725
"734","Hvar / Lesina / Pharia","Pharia, insula","Hvar",16.4428,43.1725
"735","Hvar / Lesina / Pharia","Pharia, insula","Hvar, bei",16.4428,43.1725
"736","Gacko","NULL","Gacko",18.5324678,43.1681651
"737","Dol / Pharia","Pharus","Stari Grad",16.6434,43.1661
"738","Hvar / Lesina / Pharia","Pharus","Stari Grad",16.6434,43.1661
"739","Stari Grad / Argyruntum","Pharus","Stari Grad",16.6434,43.1661
"740","Capljina / Ad Turres","Ad Turres","Čapljina",17.751,43.1604
"741","Klepci","Ad Turres","Čapljina",17.751,43.1604
"742","Mogorjelo","Ad Turres","Čapljina",17.751,43.1604
"743","Surmanci","Ad Turres","Čapljina",17.751,43.1604
"744","Svitava","Ad Turres","Čapljina",17.751,43.1604
"745","Tasovcici / Narona / Ad Turres","Ad Turres","Čapljina",17.751,43.1604
"746","Hardomilje / Bigeste",NA,NA,17.5493918,43.1575578
"747","Dabrica","NULL","Nevesinje",18.0012121,43.1425604
"748","Zaostrog / Zastrogh","NULL","Gradac",17.2795401,43.1404702
"749","Stari Ras / Ras","NULL","Novi Pazar",20.4155347,43.1282224
"750","Dubrava / Diluntum","Diluntum","Stolac",17.8414,43.1138
"751","Hodovo","Diluntum","Stolac",17.8414,43.1138
"752","Prenj","Diluntum","Stolac",17.8414,43.1138
"753","Stolac / Rotimlja / Megjina / Diluntum","Diluntum","Stolac",17.8414,43.1138
"754","Stolac / Rotimlja / Megjina / Diluntum","Diluntum","Stolac, bei",17.8414,43.1138
"755","Trijebanj","Diluntum","Stolac",17.8414,43.1138
"756","Borojevici",NA,NA,17.8976029,43.103041
"757","Vid / Narona","NULL","Janjina",17.6258524,43.0804139
"758","Vid / Narona","Nareste","Dugi Rat",17.6258524,43.0804139
"759","Vid / Narona","NULL","Dugi Rat",17.6258524,43.0804139
"760","Vid / Narona","NULL","Brela",17.6258524,43.0804139
"761","Vid / Narona","NULL","Trebinje",17.6258524,43.0804139
"762","Vid / Narona",NA,NA,17.6258524,43.0804139
"763","?","Narona","Metković",17.625,43.0801
"764","Crnici-Greda / Crnici","Narona","Čapljina",17.625,43.0801
"765","Donja Bijenja","NULL","Nevesinje",17.625,43.0801
"766","Dretelj","Ad Turres","Čapljina",17.625,43.0801
"767","Gabela","Narona","Čapljina",17.625,43.0801
"768","Janjina / Peljesac / Sabbioncello / Narona","Narona","Ston",17.625,43.0801
"769","Klek","Narona","Slivno",17.625,43.0801
"770","Metkovic / Narona","Narona","Metković",17.625,43.0801
"771","Neum, Vranjevo Selo / Narona","Narona","Neum",17.625,43.0801
"772","Orepak, Crnici","Narona","Čapljina",17.625,43.0801
"773","Prud","Narona","Metković",17.625,43.0801
"774","Risan / Risano / Risinium","Narona","Metković",17.625,43.0801
"775","Vid / Narona","Narona","Metković",17.625,43.0801
"776","Vid / Narona","Narona","Kula Norinska",17.625,43.0801
"777","Vid / Narona","Narona","Opuzen",17.625,43.0801
"778","Vid / Narona","Narona","Čapljina",17.625,43.0801
"779","Vid / Narona","Narona","Janjina",17.625,43.0801
"780","Dubrava / Diluntum","NULL","Omiš",17.958448,43.078729
"781","Gradina / Domavium","Issa, insula","Vis",16.1865,43.0655
"782","Vis / Issa","Issa, insula","Vis",16.1865,43.0655
"783","Vis / Issa","Issa, insula","Vis, bei",16.1865,43.0655
"784","Vis / Issa","Issa, insula","Komiža",16.1865,43.0655
"785","Vid / Narona","Narona","Čapljina",17.6884,43.0645
"786","Vid / Narona","Narona","Čapljina; Metković",17.6884,43.0645
"787","Vis / Issa","NULL","Koper",16.1834976,43.0599322
"788","Ploce / Amantia","NULL","Ploče",17.4360676,43.0524293
"789","Bijelo Polje","NULL","Mostar",19.7469527,43.0337081
"790","Bijelo Polje","NULL","Bijelo Polje",19.7469527,43.0337081
"791","Fatnica","NULL","Bileća",18.3229637,43.0283751
"792","Trpanj","NULL","Trpanj",17.2733543,43.0080442
"793","Voljevac","NULL","Bijelo Polje",19.7819,43.0028
"794","Viganj","NULL","Orebić",17.1022127,42.9820629
"795","Korcula / Nigra Corcyra","NULL","Orebić",17.1359692,42.9617883
"796","Korcula / Nigra Corcyra",NA,NA,17.1359692,42.9617883
"797","Korcula / Nigra Corcyra","Nigra Corcyra, insula","Korčula",17.1099,42.945
"798","Korcula / Nigra Corcyra","Nigra Corcyra, insula","Blato",17.1099,42.945
"799","Korcula / Nigra Corcyra","Nigra Corcyra, insula","Smokvica",17.1099,42.945
"800","Korcula / Nigra Corcyra","Nigra Corcyra, insula","Korčula, bei",17.1099,42.945
"801","Korcula / Nigra Corcyra","Nigra Corcyra, insula","Vela Luka",17.1099,42.945
"802","Janjina / Peljesac / Sabbioncello / Narona","NULL","Janjina",17.4288843,42.925148
"803","Gornja Bijela","NULL","Konjic",19.1515344,42.9030376
"804","Donja Trebimlja / Trebimlja","NULL","Ravno",17.8708226,42.8848331
"805","Hodilje","NULL","Ston",17.6897181,42.8566583
"806","Ston","NULL","Ston",17.6962001,42.8383616
"807","Panik / Leusinium","NULL","Bileća",18.4410799,42.7968707
"808","Kosijerevo","NULL","Nikšić",18.4606607,42.7968403
"809","Polace / Melite","Melite, insula","Mljet",17.377878,42.7854655
"810","Kuside","NULL","Nikšić",18.8517867,42.776241
"811","Niksic / Mons Nigia / Anderva","NULL","Ston",18.9488746,42.7739559
"812","Niksic / Mons Nigia / Anderva","NULL","NULL",18.9488746,42.7739559
"813","Lastovo / Lagosta / Ladesta","NULL","Lastovo",16.8945925,42.7675928
"814","Lastovo / Lagosta / Ladesta","NULL","Vrlika",16.8945925,42.7675928
"815","Buinjski Rijecani","Salthua","Nikšić",18.6462,42.7661
"816","Duklja / Duklje / Rusevine / Doclea","Salthua","Nikšić",18.6462,42.7661
"817","Mljet / Meleda / Melite","Melite, insula","Mljet",17.5463244,42.7459754
"818","Ozrinici","NULL","Nikšić",18.9931849,42.7453689
"819","Trsteno / Cannosa","NULL","Dubrovnik",17.9792767,42.7144589
"820","Trebinje","NULL","Ravno",18.346882,42.7107972
"821","Trebinje","NULL","Trebinje",18.346882,42.7107972
"822","Trebinje",NA,NA,18.346882,42.7107972
"823","Lopud","NULL","Dubrovnik",17.9507753,42.6858671
"824","Povija","NULL","Nikšić",19.0036379,42.6779284
"825","Lucin Brijeg","NULL","Trebinje",18.439112,42.6471973
"826","Cavtat / Epidaurum","Epidaurum","Konavle",18.2137,42.5848
"827","Cavtat / Epidaurum","Epidaurum","Dubrovnik",18.2137,42.5848
"828","Lovorno / Epidaurum","Epidaurum","Konavle",18.2137,42.5848
"829","Smokovljani / Smocovljae","NULL","Dubrovačko primorje",18.2137,42.5848
"830","Cavtat / Epidaurum","NULL","Konavle",18.2177461,42.5814314
"831","Cavtat / Epidaurum","NULL","Ston",18.2177461,42.5814314
"832","Risan / Risano / Risinium","Risinium","Kotor",18.6945,42.5164
"833","Risan / Risano / Risinium","Risinum","Kotor",18.6945,42.5164
"834","Risan / Risano / Risinium","NULL","Herceg Novi",18.6955649,42.5149792
"835","Kotor / Acruvium","Risinium","Kotor",18.6969,42.5098
"836","Ledenice","Risinium","Kotor",18.6969,42.5098
"837","Perast / Risinium","Risinium","Kotor",18.6969,42.5098
"838","Risan / Risano / Risinium","Risinium","Kotor",18.6969,42.5098
"839","Duklja / Duklje / Rusevine / Doclea","Doclea","Podgorica",19.2615,42.469
"840","Podgorica / Doclea","Doclea","Podgorica",19.2615,42.469
"841","Duklja / Duklje / Rusevine / Doclea","NULL","Berane",19.2654984,42.4686384
"842","Duklja / Duklje / Rusevine / Doclea","NULL","Danilovgrad",19.2654984,42.4686384
"843","Brda / Acruvium","Acruvium","Tivat",18.689,42.4438
"844","Budna / Butua","Acruvium","Tivat",18.689,42.4438
"845","Kotor / Acruvium","Acruvium","Kotor",18.689,42.4438
"846","Kotor / Acruvium","Acruvium","Kotor, bei",18.689,42.4438
"847","Kotor / Acruvium","Acruvium","Tivat",18.689,42.4438
"848","Prcanj / Acruvium","Acruvium","Kotor",18.689,42.4438
"849","Prevlaka","Acruvium","Tivat",18.689,42.4438
"850","Risan / Risano / Risinium","Acruvium","Kotor",18.689,42.4438
"851","Risan / Risano / Risinium","Acruvium","Tivat",18.689,42.4438
"852","Tivat / Teodo",NA,NA,18.7000949,42.4288801
"853","Kotor / Acruvium","NULL","Konavle",18.7710437,42.4248515
"854","Kotor / Acruvium",NA,NA,18.7710437,42.4248515
"855","Prevlaka","NULL","Konavle",18.5150678,42.4010696
"856","Margegaj","NULL","Tropojë",20.0772378,42.3723673
"857","Trgoviste","NULL","Novi Pazar",22.0825,42.3641667
"858","Budva / Buthoe","Buthoe","Budva",18.8351,42.2789
"859","Risan / Risano / Risinium","Buthoe","Budva",18.8351,42.2789
"860","Koplik / Cinna","NULL","Malësi e Madhe",19.437214,42.2112922
"861","Kalldrun","NULL","Malësi e Madhe",19.4107265,42.2043216
"862","Brca","NULL","Travnik",19.0671192,42.1321157
"863","Drisht","Scodra","Shkodra",19.5277,42.0743
"864","Renc","Scodra","Shkodra",19.5277,42.0743
"865","Shkoder / Shkodra / Skutari / Scodra","Scodra","Shkodra",19.5277,42.0743
"866","Nange","NULL","Kukës",20.4164814,42.0105618
"867","Vau i Dejes / Vau-Deja","NULL","Vau i Dejës",19.6399825,42.0074511
"868","Melgushe e Madhe / Melgushe","NULL","Vau i Dejës",19.5166499,41.9894342
"869","Kolesjan","NULL","Kukës",20.40036,41.9658928
"870","Bushat","NULL","Kukës",19.5345484,41.9595458
"871","Vig","NULL","Vau i Dejës",19.7333538,41.9299842
"872","Lezhe / Lest / Lissus","Lissus","Lezha",19.6468,41.7797
